Timestamp, Source IP
07/Feb/2019:16:05:55,192.168.10.5
07/Feb/2019:16:05:55,192.168.10.5
07/Feb/2019:16:05:55,192.168.10.5
07/Feb/2019:16:18:21,192.168.10.5
07/Feb/2019:16:18:21,192.168.10.5
07/Feb/2019:16:18:21,192.168.10.5
07/Feb/2019:16:18:21,192.168.10.5
07/Feb/2019:16:19:57,192.168.10.5
07/Feb/2019:16:22:03,192.168.10.5
07/Feb/2019:16:22:03,192.168.10.5
07/Feb/2019:16:27:05,192.168.10.5
07/Feb/2019:16:27:05,192.168.10.5
07/Feb/2019:16:29:41,192.168.10.5
07/Feb/2019:16:30:43,192.168.10.100
07/Feb/2019:16:30:43,192.168.10.100
07/Feb/2019:16:30:43,192.168.10.100
07/Feb/2019:16:34:00,192.168.10.100
07/Feb/2019:16:34:32,192.168.10.100
07/Feb/2019:16:34:32,192.168.10.100
07/Feb/2019:16:34:32,192.168.10.100
07/Feb/2019:16:34:40,192.168.10.100
07/Feb/2019:16:34:40,192.168.10.100
07/Feb/2019:16:34:40,192.168.10.102
07/Feb/2019:16:37:45,192.168.10.102
07/Feb/2019:16:37:45,192.168.10.102
07/Feb/2019:16:38:38,192.168.10.102
07/Feb/2019:16:38:38,192.168.10.102
07/Feb/2019:16:38:38,192.168.10.102
07/Feb/2019:16:39:11,192.168.10.102
07/Feb/2019:16:39:11,192.168.10.102
07/Feb/2019:16:39:11,192.168.10.102
07/Feb/2019:16:39:24,192.168.10.100
07/Feb/2019:16:39:25,192.168.10.100
07/Feb/2019:16:39:25,192.168.10.100
07/Feb/2019:16:42:28,192.168.10.100
07/Feb/2019:16:42:33,192.168.10.100
07/Feb/2019:16:44:21,192.168.10.100
07/Feb/2019:16:44:25,192.168.10.100
07/Feb/2019:16:49:45,192.168.10.100
07/Feb/2019:16:53:33,192.168.10.100
